Workbook

Sheet Датасет
A1: Датасет ликёров
A2: Бинарные: bitter, wood_contact. Числовые: abv_pct, sugar_gpl, volume_l. Категориальные: country + таксономия вкуса L1–L3. abv_class считается формулой. Пороги крепости — на листе «Словарь полей».
A4: id | B4: name | C4: producer | D4: country | E4: bitter | F4: wood_contact | G4: abv_pct | H4: abv_class | I4: sugar_gpl | J4: volume_l | K4: l1 | L4: l2 | M4: l3 | N4: id_path | O4: source_quality | P4: notes
A5: L01 | B5: Bols Crème de Menthe Green | C5: Lucas Bols | D5: Нидерланды | E5: 0 | F5: 0 | G5: 24 | H5: =IF(G5="","",IF(G5<15,"ниже порога ликёра",IF(G5<20,"слабоалкогольный",IF(G5<30,"средний","крепкий")))) -> средний | I5: 400 | J5: 0.7 | K5: Травяные | L5: Однотравные | M5: Мятные | N5: H-S-M | O5: literature | P5: Эталон однотравной мяты. Сахар crème-уровня (≥250 г/л). Горечь ментола не считается «выраженной горечью» в смысле bitter=1.
A6: L02 | B6: Génépi des Pères Chartreux | C6: Chartreuse Diffusion | D6: Франция | E6: 1 | F6: 0 | G6: 40 | H6: =IF(G6="","",IF(G6<15,"ниже порога ликёра",IF(G6<20,"слабоалкогольный",IF(G6<30,"средний","крепкий")))) -> крепкий | I6: 200 | J6: 0.5 | K6: Травяные | L6: Однотравные | M6: Полынные | N6: H-S-W | O6: estimate | P6: Альпийская полынь Artemisia genipi. Ликёр, а не абсент: закрывает лист «полынные» без 60–70% absinthe. Сахар оценка по стилю.
A7: L03 | B7: Jägermeister | C7: Mast-Jägermeister | D7: Германия | E7: 1 | F7: 0 | G7: 35 | H7: =IF(G7="","",IF(G7<15,"ниже порога ликёра",IF(G7<20,"слабоалкогольный",IF(G7<30,"средний","крепкий")))) -> крепкий | I7: 136 | J7: 0.7 | K7: Травяные | L7: Смесь трав | M7: Кройтер | N7: H-M-K | O7: spec | P7: Канонический kräuterlikör. 56 трав. Горечь есть, но мягче амаро. Бочковой выдержки нет.
A8: L04 | B8: Chartreuse Verte | C8: Pères Chartreux | D8: Франция | E8: 1 | F8: 0 | G8: 55 | H8: =IF(G8="","",IF(G8<15,"ниже порога ликёра",IF(G8<20,"слабоалкогольный",IF(G8<30,"средний","крепкий")))) -> крепкий | I8: 250 | J8: 0.7 | K8: Травяные | L8: Смесь трав | M8: Кройтер | N8: H-M-K | O8: literature | P8: Монастырский multi-herb на 130 растениях. Классифицирован как кройтер (альпийско-монастырский mix), не как амаро. Крепкий край шкалы.
A9: L05 | B9: Amaro Averna | C9: Averna / Campari Group | D9: Италия | E9: 1 | F9: 1 | G9: 29 | H9: =IF(G9="","",IF(G9<15,"ниже порога ликёра",IF(G9<20,"слабоалкогольный",IF(G9<30,"средний","крепкий")))) -> средний | I9: 230 | J9: 0.7 | K9: Травяные | L9: Смесь трав | M9: Амаро | N9: H-M-A | O9: literature | P9: Сицилийский амаро. Часть тиража дозревает в дубе — wood_contact=1. Карамель, цедра, мягкая горечь.
A10: L06 | B10: Fernet-Branca | C10: Fratelli Branca | D10: Италия | E10: 1 | F10: 0 | G10: 39 | H10: =IF(G10="","",IF(G10<15,"ниже порога ликёра",IF(G10<20,"слабоалкогольный",IF(G10<30,"средний","крепкий")))) -> крепкий | I10: 80 | J10: 0.7 | K10: Травяные | L10: Смесь трав | M10: Амаро | N10: H-M-A | O10: literature | P10: Агрессивный амаро. Сахар около 80 г/л — допустимо для полынных/генциановых ликёров (EU порог 80, не 100). Максимальный bitter=1.
A11: L07 | B11: Amaro Montenegro | C11: Montenegro | D11: Италия | E11: 1 | F11: 0 | G11: 23 | H11: =IF(G11="","",IF(G11<15,"ниже порога ликёра",IF(G11<20,"слабоалкогольный",IF(G11<30,"средний","крепкий")))) -> средний | I11: 220 | J11: 0.7 | K11: Травяные | L11: Смесь трав | M11: Амаро | N11: H-M-A | O11: estimate | P11: «Лёгкий» амаро: ваниль, роза, горький апельсин. Нужен, чтобы амаро не выглядели одним Fernet.
A12: L08 | B12: Cointreau | C12: Rémy Cointreau | D12: Франция | E12: 0 | F12: 0 | G12: 40 | H12: =IF(G12="","",IF(G12<15,"ниже порога ликёра",IF(G12<20,"слабоалкогольный",IF(G12<30,"средний","крепкий")))) -> крепкий | I12: 200 | J12: 0.7 | K12: Фруктовые | L12: Цитрусовые | M12: Цедровые | N12: F-C-Z | O12: literature | P12: Эталон triple sec на смеси сладкой и горькой апельсиновой цедры. Горькая цедра ≠ bitter=1.
A13: L09 | B13: Villa Massa Limoncello | C13: Villa Massa | D13: Италия | E13: 0 | F13: 0 | G13: 30 | H13: =IF(G13="","",IF(G13<15,"ниже порога ликёра",IF(G13<20,"слабоалкогольный",IF(G13<30,"средний","крепкий")))) -> крепкий | I13: 320 | J13: 0.7 | K13: Фруктовые | L13: Цитрусовые | M13: Цедровые | N13: F-C-Z | O13: estimate | P13: Сфузато-лимоны Сорренто, настойка цедры. Сахар высокий, как у большинства лимончелло.
A14: L10 | B14: Grand Marnier Cordon Rouge | C14: Grand Marnier | D14: Франция | E14: 0 | F14: 1 | G14: 40 | H14: =IF(G14="","",IF(G14<15,"ниже порога ликёра",IF(G14<20,"слабоалкогольный",IF(G14<30,"средний","крепкий")))) -> крепкий | I14: 214 | J14: 0.7 | K14: Фруктовые | L14: Цитрусовые | M14: Цедровые | N14: F-C-Z | O14: literature | P14: Цедра + коньяк. Дерево приходит из выдержанной базы, не из настойки апельсина.
A15: L11 | B15: Giffard Pamplemousse | C15: Giffard | D15: Франция | E15: 0 | F15: 0 | G15: 16 | H15: =IF(G15="","",IF(G15<15,"ниже порога ликёра",IF(G15<20,"слабоалкогольный",IF(G15<30,"средний","крепкий")))) -> слабоалкогольный | I15: 260 | J15: 0.7 | K15: Фруктовые | L15: Цитрусовые | M15: Соковые | N15: F-C-J | O15: estimate | P15: Грейпфрут как сок/мякоть, не как парфюм цедры. Закрывает редкий лист «соковые».
A16: L12 | B16: Lejay Crème de Cassis de Dijon | C16: Lejay Lagoute | D16: Франция | E16: 0 | F16: 0 | G16: 20 | H16: =IF(G16="","",IF(G16<15,"ниже порога ликёра",IF(G16<20,"слабоалкогольный",IF(G16<30,"средний","крепкий")))) -> средний | I16: 400 | J16: 0.7 | K16: Фруктовые | L16: Ягодные | M16: Тёмноягодные | N16: F-B-D | O16: literature | P16: Эталон кассиса. Crème ⇒ сахар ≥250 г/л, обычно ближе к 400. Танин ягоды есть, структурной горечи нет.
... A34: L30 | B34: Warninks Advocaat | C34: Warninks | D34: Нидерланды | E34: 0 | F34: 0 | G34: 17.2 | H34: =IF(G34="","",IF(G34<15,"ниже порога ликёра",IF(G34<20,"слабоалкогольный",IF(G34<30,"средний","крепкий")))) -> слабоалкогольный | I34: 260 | J34: 0.7 | K34: Эмульсивные | L34: Яичные | M34: Классический адвокат | N34: E-E-C | O34: literature | P34: Желток + бренди + сахар + ваниль. Без праздничных специй — классический адвокат.
A36: Сводные формулы по датасету
A37: N бутылок | B37: =COUNTA(A5:A34) -> 30
A38: Доля bitter=1 | B38: =AVERAGE(E5:E34) -> 0.26666667
A39: Доля wood=1 | B39: =AVERAGE(F5:F34) -> 0.16666667
A40: Средний ABV, % | B40: =AVERAGE(G5:G34) -> 25.64
A41: Мин / макс ABV | B41: =MIN(G5:G34)&" – "&MAX(G5:G34) -> 15 – 55
A42: Средний сахар, г/л | B42: =AVERAGE(I5:I34) -> 267.9
A43: Слабых / средних / крепких | B43: =COUNTIF(H5:H34,"слабоалкогольный")&" / "&COUNTIF(H5:H34,"средний")&" / "&COUNTIF(H5:H34,"крепкий") -> 9 / 13 / 8

Sheet Таксономия
A1: Таксономия вкуса ликёров (3 уровня)
A2: Иерархия описывает доминирующий вкусовой профиль бутылки. У каждого ликёра ровно один путь L1 → L2 → L3. Горечь и контакт с деревом — отдельные бинарные признаки, не уровни таксономии.
A4: id_пути | B4: L1 семейство | C4: L2 группа | D4: L3 вид | E4: Что это значит | F4: Типичные маркеры | G4: Пример в датасете
A5: H-S-M | B5: Травяные | C5: Однотравные | D5: Мятные | E5: Доминирует Mentha (перечная / садовая). Обычно сладкий crème-стиль. | F5: ментол, холодок, зелень | G5: Bols Crème de Menthe
A6: H-S-W | B6: Травяные | C6: Однотравные | D6: Полынные | E6: Доминирует Artemisia (полынь, génépi). Горько-смолистый альпийский профиль. | F6: полынь, хвойность, камфора | G6: Génépi des Pères Chartreux
A7: H-M-K | B7: Травяные | C7: Смесь трав | D7: Кройтер | E7: Немецко-альпийско-монастырский multi-herb: корни, кожура, специи. Не обязательно «итальянская горечь». | F7: анис, имбирь, цитрусовая цедра, смола | G7: Jägermeister / Chartreuse Verte
A8: H-M-A | B8: Травяные | C8: Смесь трав | D8: Амаро | E8: Итальянский bittersweet digestif. Горечь целевая (генциан, хина, ревень), сладость балансирует. | F8: корка апельсина, карамель, хинин, корень | G8: Amaro Averna / Fernet-Branca
A9: F-C-Z | B9: Фруктовые | C9: Цитрусовые | D9: Цедровые | E9: Аромат и горечь эфирных масел кожуры, а не мякоти. | F9: пектин цедры, эфирные масла, сухая цитрусовость | G9: Cointreau / Limoncello
A10: F-C-J | B10: Фруктовые | C10: Цитрусовые | D10: Соковые | E10: Ведущий тон — мякоть / сок (грейпфрут, красный апельсин), меньше «парфюма цедры». | F10: сок, кислинка, мякоть | G10: Giffard Pamplemousse
A11: F-B-D | B11: Фруктовые | C11: Ягодные | D11: Тёмноягодные | E11: Тёмные ягоды с танином и «джемом»: смородина, ежевика, чёрная малина. | F11: кассис, косточка, фиолетовый джем | G11: Lejay Crème de Cassis / Chambord
A12: F-B-L | B12: Фруктовые | C12: Ягодные | D12: Светлоягодные | E12: Красные и светлые ягоды без тяжёлого танина: земляника, малина, клюква. | F12: свежая ягода, цветочность | G12: Giffard Crème de Fraise
A13: F-S-A | B13: Фруктовые | C13: Косточковые | D13: Абрикосовые | E13: Абрикос / kernel-adjacent фруктовость без ухода в амаретто. | F13: спелый абрикос, курага | G13: Giffard Abricot du Roussillon
A14: F-S-P | B14: Фруктовые | C14: Косточковые | D14: Персиковые | E14: Персик / нектарин, часто schnapps-профиль. | F14: персиковый компот, цветок | G14: Archers Peach Schnapps
A15: F-T-C | B15: Фруктовые | C15: Тропические | D15: Кокосовые | E15: Кокосовое молоко / мякоть как ведущий тон (не сливочная эмульсия). | F15: кокос, ваниль, островной ром | G15: Malibu Original
... A28: E-E-S | B28: Эмульсивные | C28: Яичные | D28: Пряный эггног | E28: Яичная эмульсия со специями (корица, мускат, гвоздика) и часто ромом. | F28: мускат, корица, ром, кастард | G28: Ponche Crema
A30: Принципы, которые я поправил относительно черновика
A31: 1. Ореховые разделены не «как получится», а по ботанике сырья: ядра косточковых (миндаль / абрикосовая косточка) vs скорлупные (фундук / грецкий). Это разные ароматические семейства (бензальдегид vs обжаренный лесной орех / танин зелёного ореха).
A32: 2. «Ирландский / не ирландский» заменено на более устойчивый признак: зерновые сливки (whiskey/grain cream) vs фруктовые сливки (marula и аналоги). Ирландский крем — частный случай зерновых сливок, а не отдельный биологический класс.
A33: 3. Яичные получили третий уровень: классический адвокат (кастард без специй) vs пряный эггног (мускат/корица/гвоздика, часто ром).
A34: 4. Кройтер расширен до альпийско-монастырского multi-herb (Jägermeister, Becherovka, Chartreuse), амаро оставлен итальянским bittersweet-стилем. Так Chartreuse не приходится насильно запихивать в «амаро».
A35: 5. Горечь и дерево намеренно вынесены из таксономии вкуса: Fernet и Crème de Menthe оба «травяные», но горечь разная; Grand Marnier цедровый, но дерево даёт коньячная бочка.
A36: 6. Полынь на L3 — не только абсент. Génépi (Artemisia genipi) — легальный ликёрный лист той же ветки, без путаницы с 60–70% absinthe.

Sheet Словарь полей
A1: Словарь полей и правила кодирования
A2: Числовые поля — измерения. Класс крепости считается формулой от ABV. Сахар — г/л инвертного сахара (как в определении ликёра EU 2019/787). Часть значений — опубликованные спецификации, часть — обоснованные оценки (колонка source_quality).
A4: Поле | B4: Тип | C4: Правило
A5: id | B5: ключ | C5: L01–L30. Стабильный идентификатор строки.
A6: name | B6: строка | C6: Коммерческое имя бутылки, под которым её узнают.
A7: producer | B7: строка | C7: Производитель / бренд-владелец.
A8: country | B8: категория | C8: Страна производства (не страна бренда-холдинга).
A9: bitter | B9: бинарный 0/1 | C9: 1 = выраженная горечь как структурный признак (генциан, полынь, хина, какао-боб, эспрессо-горечь). Сладость её не отменяет. 0 = горечь не ведущая.
A10: wood_contact | B10: бинарный 0/1 | C10: 1 = при приготовлении был контакт с деревом: выдержка самого ликёра в бочке ИЛИ выдержанная база, без которой нет профиля (коньяк в Grand Marnier, ирландский виски в Baileys). Нержавейка + нейтральный спирт = 0.
A11: abv_pct | B11: число, % об. | C11: Крепость типичной экспортной/EU-розлива. У некоторых брендов есть рыночные варианты (Kahlúa 16% и 20%) — берём наиболее распространённый.
A12: abv_class | B12: формула | C12: Слабый: 15 ≤ ABV < 20. Средний: 20 ≤ ABV < 30. Крепкий: ABV ≥ 30. Ниже 15% формально не ликёр по EU (минимум 15% об.).
A13: sugar_gpl | B13: число, г/л | C13: Сахар как invert sugar. EU-пол для ликёра: 100 г/л (70 для вишнёвых на вишнёвом спирте, 80 для генциана/полыни). Crème-стили обычно ≥ 250 г/л.
A14: volume_l | B14: число, л | C14: Типичный розлив, не сувенир 50 мл.
A15: l1 / l2 / l3 | B15: таксономия | C15: Ровно один путь. См. лист «Таксономия». id_path — код пути.
... A18: notes | B18: текст | C18: Зачем бутылка в датасете и какие оговорки по цифрам.
A20: Пороги крепости — обоснование
A21: EU 2019/787: ликёр ≥ 15% об. Эмпирически категория распадается на три рабочие зоны. Сливочные и многие фруктовые crème сидят в 15–20% (их надо хранить аккуратнее). Ядро барной полки — 20–30% (amaretto, кофе, фундук, часть амаро). Выше 30% — травяные монастырские, цедровые cocktail-workhorses, часть амаро и кройтер. Chartreuse Verte (55%) — крайний, но легальный ликёр. Aperol (11%) в датасет не вошёл: это аперитив ниже ликёрного порога.
A25: Класс | B25: Правило | C25: Зачем так
A26: слабоалкогольный | B26: 15 ≤ ABV < 20 | C26: Эмульсии, crème de cassis, часть кофе и персика
A27: средний | B27: 20 ≤ ABV < 30 | C27: Орехи, дыня, кокос, большинство амаро «для негратони»
A28: крепкий | B28: ABV ≥ 30 | C28: Кройтер, Chartreuse, Cointreau, Limoncello, Fernet

Sheet Покрытие
A1: Покрытие таксономии и баланс признаков
A2: Каждый лист L3 должен иметь ≥1 пример. Сводка считается формулами с листа «Датасет».
A4: id_пути | B4: L1 | C4: L2 | D4: L3 | E4: N в датасете | F4: Статус
A5: H-S-M | B5: Травяные | C5: Однотравные | D5: Мятные | E5: =COUNTIF(Датасет!N$5:N$34,A5) -> 1 | F5: =IF(E5=0,"нет примера",IF(E5=1,"закрыт","закрыт, запас")) -> закрыт
A6: H-S-W | B6: Травяные | C6: Однотравные | D6: Полынные | E6: =COUNTIF(Датасет!N$5:N$34,A6) -> 1 | F6: =IF(E6=0,"нет примера",IF(E6=1,"закрыт","закрыт, запас")) -> закрыт
A7: H-M-K | B7: Травяные | C7: Смесь трав | D7: Кройтер | E7: =COUNTIF(Датасет!N$5:N$34,A7) -> 2 | F7: =IF(E7=0,"нет примера",IF(E7=1,"закрыт","закрыт, запас")) -> закрыт, запас
A8: H-M-A | B8: Травяные | C8: Смесь трав | D8: Амаро | E8: =COUNTIF(Датасет!N$5:N$34,A8) -> 3 | F8: =IF(E8=0,"нет примера",IF(E8=1,"закрыт","закрыт, запас")) -> закрыт, запас
A9: F-C-Z | B9: Фруктовые | C9: Цитрусовые | D9: Цедровые | E9: =COUNTIF(Датасет!N$5:N$34,A9) -> 3 | F9: =IF(E9=0,"нет примера",IF(E9=1,"закрыт","закрыт, запас")) -> закрыт, запас
A10: F-C-J | B10: Фруктовые | C10: Цитрусовые | D10: Соковые | E10: =COUNTIF(Датасет!N$5:N$34,A10) -> 1 | F10: =IF(E10=0,"нет примера",IF(E10=1,"закрыт","закрыт, запас")) -> закрыт
A11: F-B-D | B11: Фруктовые | C11: Ягодные | D11: Тёмноягодные | E11: =COUNTIF(Датасет!N$5:N$34,A11) -> 1 | F11: =IF(E11=0,"нет примера",IF(E11=1,"закрыт","закрыт, запас")) -> закрыт
A12: F-B-L | B12: Фруктовые | C12: Ягодные | D12: Светлоягодные | E12: =COUNTIF(Датасет!N$5:N$34,A12) -> 1 | F12: =IF(E12=0,"нет примера",IF(E12=1,"закрыт","закрыт, запас")) -> закрыт
A13: F-S-A | B13: Фруктовые | C13: Косточковые | D13: Абрикосовые | E13: =COUNTIF(Датасет!N$5:N$34,A13) -> 1 | F13: =IF(E13=0,"нет примера",IF(E13=1,"закрыт","закрыт, запас")) -> закрыт
A14: F-S-P | B14: Фруктовые | C14: Косточковые | D14: Персиковые | E14: =COUNTIF(Датасет!N$5:N$34,A14) -> 1 | F14: =IF(E14=0,"нет примера",IF(E14=1,"закрыт","закрыт, запас")) -> закрыт
A15: F-T-C | B15: Фруктовые | C15: Тропические | D15: Кокосовые | E15: =COUNTIF(Датасет!N$5:N$34,A15) -> 1 | F15: =IF(E15=0,"нет примера",IF(E15=1,"закрыт","закрыт, запас")) -> закрыт
A16: F-T-M | B16: Фруктовые | C16: Тропические | D16: Дынно-банановые | E16: =COUNTIF(Датасет!N$5:N$34,A16) -> 2 | F16: =IF(E16=0,"нет примера",IF(E16=1,"закрыт","закрыт, запас")) -> закрыт, запас
... A28: E-E-S | B28: Эмульсивные | C28: Яичные | D28: Пряный эггног | E28: =COUNTIF(Датасет!N$5:N$34,A28) -> 1 | F28: =IF(E28=0,"нет примера",IF(E28=1,"закрыт","закрыт, запас")) -> закрыт
A30: Листьев L3 всего | B30: =COUNTA(A5:A28) -> 24 | D30: Страны (уникальных) | E30: =SUMPRODUCT(1/COUNTIF(Датасет!D5:D34,Датасет!D5:D34)) -> 12
A31: Листьев без примера | B31: =COUNTIF(F5:F28,"нет примера") -> 0
A32: Бутылок всего | B32: =COUNTA(Датасет!A5:A34) -> 30
A33: Семейств L1 | B33: =SUMPRODUCT(1/COUNTIF(B5:B28,B5:B28)) -> 5
A36: Семейство L1 | B36: N
A37: Травяные | B37: =COUNTIF(Датасет!K$5:K$34,A37) -> 7
A38: Фруктовые | B38: =COUNTIF(Датасет!K$5:K$34,A38) -> 11
A39: Ореховые | B39: =COUNTIF(Датасет!K$5:K$34,A39) -> 4
A40: Обжаренные | B40: =COUNTIF(Датасет!K$5:K$34,A40) -> 4
A41: Эмульсивные | B41: =COUNTIF(Датасет!K$5:K$34,A41) -> 4

Sheet Как пользоваться
A1: Как читать и расширять датасет
A3: Тема | B3: Пояснение
A4: Что это | B4: Готовый учебный/рабочий датасет на 30 реальных ликёров. Не синтетические имена: у каждой строки есть бутылка, которую можно купить. Цифры ABV/сахара — смесь спецификаций и барной литературы; колонка source_quality это показывает.
A5: Таксономия | B5: Сначала лист «Таксономия»: 5 семейств → группы → виды. 24 листа L3, все закрыты хотя бы одной бутылкой. id_path — стабильный код для группировок и one-hot кодирования.
A6: Признаки модели | B6: Два бинарных (bitter, wood_contact), три числовых (abv_pct, sugar_gpl, volume_l), одно категориальное страна, одно иерархическое вкус. Класс крепости не признак-источник, а производный: не кладите его в одну модель вместе с ABV без нужды — это коллинеарность.
A7: Почему не 24, а 30 | B7: Некоторые листья специально имеют по 2 примера (амаро, кройтер, цедра, тёмная ягода заменена на покрытие яичного листа, дынно-банановые, какао). Это чтобы класс не держался на одной точке.
A8: Ограничения | B8: Сахар у части позиций — оценка по стилю, не лабораторный анализ конкретной партии. ABV плавает по рынкам (Kahlúa 16/20, Chartreuse VEP и т.д.). Страна — место производства, не штаб-квартира холдинга.
A9: Как добавить 31-ю бутылку | B9: Скопируйте строку, выдайте новый id, проставьте id_path из таксономии, не выдумывайте новый L3 без записи на лист таксономии. abv_class подтянется формулой. На листе «Покрытие» COUNTIF обновится сам.
A10: Идеи задач | B10: Классификация L1 по числу+бинарным; предсказание bitter; кластеризация без таксономии и сверка с ней; one-hot id_path vs иерархические эмбеддинги L1/L2/L3.
